{"MAE": 2.5433433264597274, "RMSE": 2.979619155994401, "Accuracy": 79.16666666666666}