{"MAE": 2.933412472283289, "RMSE": 3.6866529872870575, "Accuracy": 66.14133197763091}