{"MAE": 10.711897089153632, "RMSE": 15.260811061773882, "Accuracy": 45.83333333333333}