{"MAE": 13.24686082204183, "RMSE": 17.828271539620868, "Accuracy": 41.66666666666667}