{"MAE": 1.9380625819936022, "RMSE": 2.3159160481849614, "Accuracy": 83.33333333333334}