{"MAE": 3.0154822895887636, "RMSE": 3.79773335400554, "Accuracy": 64.15861718352821}