{"MAE": 11.842477554213046, "RMSE": 16.953150706788303, "Accuracy": 54.166666666666664}