{"MAE": 13.429232517878214, "RMSE": 17.026496126529075, "Accuracy": 25.0}