{"MAE": 3.447649472331007, "RMSE": 4.520202130125251, "Accuracy": 70.83333333333334}