{"MAE": 2.9781322002176047, "RMSE": 3.869305917890606, "Accuracy": 64.80681240467717}