{"MAE": 10.01767270158892, "RMSE": 14.12934609029647, "Accuracy": 50.0}