{"MAE": 14.876832087834677, "RMSE": 18.54596866031142, "Accuracy": 16.666666666666664}