{"MAE": 4.3869791987738, "RMSE": 5.383954954136585, "Accuracy": 54.166666666666664}