{"MAE": 2.9241020964391353, "RMSE": 3.718873338809156, "Accuracy": 65.26436197254702}