{"MAE": 10.067467766199918, "RMSE": 14.627481060699736, "Accuracy": 45.83333333333333}