{"MAE": 14.29268248875936, "RMSE": 17.948365292675945, "Accuracy": 20.833333333333336}