{"MAE": 2.4366942124476934, "RMSE": 3.2269962394610454, "Accuracy": 83.33333333333334}