{"MAE": 3.020607638704516, "RMSE": 3.8051234443788644, "Accuracy": 64.01881037112354}