{"MAE": 10.393156628696655, "RMSE": 15.055267708187513, "Accuracy": 50.0}