{"MAE": 14.049282471338907, "RMSE": 18.20006745610882, "Accuracy": 33.33333333333333}