{"MAE": 3.085723898025401, "RMSE": 3.5048748995513237, "Accuracy": 54.166666666666664}