{"MAE": 3.0029960535220463, "RMSE": 3.812849170545218, "Accuracy": 63.38332486019319}