{"MAE": 10.846363713425346, "RMSE": 15.855583508521446, "Accuracy": 45.83333333333333}