{"MAE": 13.19431241353353, "RMSE": 16.347224114251336, "Accuracy": 25.0}