{"MAE": 2.248705475160406, "RMSE": 2.723921556564258, "Accuracy": 70.83333333333334}