{"MAE": 12.859940398206065, "RMSE": 13.674255601949433, "Accuracy": 3.113879003558719}