{"MAE": 10.835598347886119, "RMSE": 15.581237234048327, "Accuracy": 45.83333333333333}