{"MAE": 13.273597717285156, "RMSE": 16.217392397106618, "Accuracy": 20.833333333333336}