{"MAE": 3.9799340943253534, "RMSE": 4.644097341528076, "Accuracy": 54.166666666666664}