{"MAE": 2.8585326622567417, "RMSE": 3.6359998025588736, "Accuracy": 66.39552618200305}