{"MAE": 10.522448515130456, "RMSE": 15.503014522836915, "Accuracy": 45.83333333333333}