{"MAE": 16.075430631637573, "RMSE": 20.259217087216555, "Accuracy": 12.5}