{"MAE": 4.543075944966059, "RMSE": 5.17200842602696, "Accuracy": 33.33333333333333}