{"MAE": 2.8491130418200523, "RMSE": 3.604561731704733, "Accuracy": 66.53533299440772}