{"MAE": 10.515109676872848, "RMSE": 14.463284434883855, "Accuracy": 45.83333333333333}