{"MAE": 13.650655825932821, "RMSE": 18.165835203410413, "Accuracy": 45.83333333333333}